[
    {
        "key": "dbln",
        "value": "%7B%22100069466615007%22%3A%22ouEsH4jB%22%7D",
        "domain": "facebook.com",
        "path": "/login/device-based/",
        "hostOnly": false,
        "creation": "2021-06-26T06:48:07.404Z",
        "lastAccessed": "2021-06-26T06:48:07.404Z"
    },
    {
        "key": "datr",
        "value": "o_fRYOaseElKvIqwVsJA_GW1",
        "domain": "facebook.com",
        "path": "/",
        "hostOnly": false,
        "creation": "2021-06-26T06:48:07.404Z",
        "lastAccessed": "2021-06-26T06:48:07.404Z"
    },
    {
        "key": "sb",
        "value": "o_fRYDUKne_4UY0xN1gePysr",
        "domain": "facebook.com",
        "path": "/",
        "hostOnly": false,
        "creation": "2021-06-26T06:48:07.404Z",
        "lastAccessed": "2021-06-26T06:48:07.404Z"
    },
    {
        "key": "locale",
        "value": "vi_VN",
        "domain": "facebook.com",
        "path": "/",
        "hostOnly": false,
        "creation": "2021-06-26T06:48:07.404Z",
        "lastAccessed": "2021-06-26T06:48:07.404Z"
    },
    {
        "key": "dpr",
        "value": "2.75",
        "domain": "facebook.com",
        "path": "/",
        "hostOnly": false,
        "creation": "2021-06-26T06:48:07.404Z",
        "lastAccessed": "2021-06-26T06:48:07.404Z"
    },
    {
        "key": "m_pixel_ratio",
        "value": "2.75",
        "domain": "facebook.com",
        "path": "/",
        "hostOnly": false,
        "creation": "2021-06-26T06:48:07.404Z",
        "lastAccessed": "2021-06-26T06:48:07.404Z"
    },
    {
        "key": "fr",
        "value": "1omEIffpi5mRaQTna.AWWN5Y1NHYjUvt5sY9fPZyczAXk.Bg0fej.p6.AAA.0.0.Bg1s1w.AWWJgdR-3QY",
        "domain": "facebook.com",
        "path": "/",
        "hostOnly": false,
        "creation": "2021-06-26T06:48:07.404Z",
        "lastAccessed": "2021-06-26T06:48:07.404Z"
    },
    {
        "key": "c_user",
        "value": "100068743491072",
        "domain": "facebook.com",
        "path": "/",
        "hostOnly": false,
        "creation": "2021-06-26T06:48:07.404Z",
        "lastAccessed": "2021-06-26T06:48:07.404Z"
    },
    {
        "key": "xs",
        "value": "32%3AuSj7TMsLzU5GFw%3A2%3A1624690033%3A-1%3A2035",
        "domain": "facebook.com",
        "path": "/",
        "hostOnly": false,
        "creation": "2021-06-26T06:48:07.404Z",
        "lastAccessed": "2021-06-26T06:48:07.404Z"
    },
    {
        "key": "x-referer",
        "value": "eyJyIjoiL3Byb2ZpbGUucGhwIiwiaCI6Ii9wcm9maWxlLnBocCIsInMiOiJtIn0%3D",
        "domain": "facebook.com",
        "path": "/",
        "hostOnly": false,
        "creation": "2021-06-26T06:48:07.404Z",
        "lastAccessed": "2021-06-26T06:48:07.404Z"
    },
    {
        "key": "wd",
        "value": "393x720",
        "domain": "facebook.com",
        "path": "/",
        "hostOnly": false,
        "creation": "2021-06-26T06:48:07.404Z",
        "lastAccessed": "2021-06-26T06:48:07.404Z"
    }
]